name,email,role,department,is_active
Blue Fish,bfsadmin@bluefishsolution.com,admin,Admin,true
Prompan Chakongsirikun,keang@bluefishsolution.com,admin,Admin,true
สุนิสา เจจือ,sunisa@bluefishsolution.com,viewer,RPA Developer,true
สหัสวรรษ มูลคำบิน,sahassawat@bluefishsolution.com,admin,RPA Developer,true
สถาพร ไชยะ,sathaporn@bluefishsolution.com,admin,RPA Team Leader,true
กันตพงษ์ ชาติ,kuntapong@bluefishsolution.com,viewer,Sales,true
สุรัตน์ ดาวเรือง,surat@bluefishsolution.com,viewer,Sales,true
Rangsima Polsi,mui@bluefishsolution.com,admin,Manager Director,true
Teeravut Wangapiwat,golf@bluefishsolution.com,viewer,Sales Director,true
